id,product_id,user_id,content,created_at
415841ae-babe-41a9-a921-465093cd1fff,b9917750-a47b-4fc8-9143-02e3478f4b30,687265d2-bd4d-405b-add0-f86dba92db93,가격 조금 깎아주실 수 있나요?,2025-07-15T09:11:07.438Z
9ed1a7e7-ccea-4194-85a5-8b4bf248eb95,b9917750-a47b-4fc8-9143-02e3478f4b30,450982be-c0ff-4baa-9931-eb76f22ae959,다른 색상도 있나요?,2025-07-16T10:12:11.160Z
ff1b6a63-ed86-414f-af1b-3b13863e4b23,072477f3-ef44-479a-95a5-14212ae21c64,bb1cbe9e-040c-47d8-87e4-355b1634ad5c,아직 있나요?,2025-07-19T00:21:52.272Z
cb0e909c-29f7-4adf-82bf-3d97c4384f56,072477f3-ef44-479a-95a5-14212ae21c64,18369f38-bb36-4d79-a8a1-427f46ecedfc,사용 기간이 얼마나 되나요?,2025-07-18T02:19:14.869Z
e022549f-b51a-4103-ae9c-f9c75749584b,072477f3-ef44-479a-95a5-14212ae21c64,9835eea5-b024-44f9-b67a-1dbebef1534e,더 자세한 사진 볼 수 있을까요?,2025-07-18T21:08:04.579Z
c930e4d9-c8ae-4ef5-9215-330d164b5cd9,072477f3-ef44-479a-95a5-14212ae21c64,3f28ac4e-6b4b-48c9-9d28-0766670484be,가격 조금 깎아주실 수 있나요?,2025-07-18T11:30:18.898Z
207cc9e7-1a87-4a85-a2af-86f806b75d7f,072477f3-ef44-479a-95a5-14212ae21c64,d3f4fd67-01ef-4adb-91c3-32f4c527191f,더 자세한 사진 볼 수 있을까요?,2025-07-20T09:21:45.797Z
a8de9d2b-9b67-4ba8-be30-100f9648464a,e187dce7-4bb1-40eb-8d12-6077efc8e46e,43c0ba07-ff7b-42de-a376-15464100672f,상태가 어떤가요?,2025-07-11T07:37:56.674Z
35435344-67d9-4469-8bd5-934829d86ae8,e187dce7-4bb1-40eb-8d12-6077efc8e46e,c4a4a093-f25b-4eb4-850f-cc959b49b9ae,가격 조금 깎아주실 수 있나요?,2025-07-15T00:04:57.125Z
d96335ee-8219-4cd9-8151-7c0b3be9339d,b6f450f6-0d39-414f-b39f-d42650b57833,a999e984-aa26-45f0-9015-4663446e4c69,상태가 어떤가요?,2025-07-20T05:52:30.378Z
34c24c19-6b10-4813-8983-c9e774182204,70775817-e5ae-4607-b803-0ac3d7d24579,ddb4dc02-ed2a-46c7-8776-c50bc456bff3,아직 있나요?,2025-07-13T10:25:56.554Z
7c30b2b9-2658-4bea-9423-f9735b310145,70775817-e5ae-4607-b803-0ac3d7d24579,eda980a1-cd0d-45ac-b115-460cac68d4fd,아직 있나요?,2025-07-18T08:07:16.524Z
8cd141a8-d9cd-427b-b118-ea21bd57fa02,70775817-e5ae-4607-b803-0ac3d7d24579,9835eea5-b024-44f9-b67a-1dbebef1534e,네고 가능한가요?,2025-07-19T13:02:46.546Z
1ea8a6aa-84d5-4696-b80a-f9e3bbfa96c9,70775817-e5ae-4607-b803-0ac3d7d24579,05ec5b15-f1e5-4f05-b9d8-c99ef553fa2f,더 자세한 사진 볼 수 있을까요?,2025-07-18T15:02:51.080Z
720c1813-d6fa-427b-9293-b88183338d37,70775817-e5ae-4607-b803-0ac3d7d24579,05ec5b15-f1e5-4f05-b9d8-c99ef553fa2f,더 자세한 사진 볼 수 있을까요?,2025-07-14T11:03:44.791Z
703e586b-407b-4060-b9e3-87b0526db3f2,c0e7292a-406a-4fbb-9d2b-cdae3d7cf56b,18369f38-bb36-4d79-a8a1-427f46ecedfc,다른 색상도 있나요?,2025-07-15T07:02:05.347Z
8e395f5f-40cc-417c-8d76-68efe0511b9e,c0e7292a-406a-4fbb-9d2b-cdae3d7cf56b,18369f38-bb36-4d79-a8a1-427f46ecedfc,가격 조금 깎아주실 수 있나요?,2025-07-16T00:39:20.001Z
4588eb25-c7ee-4edb-8a66-9f61e6cd2489,c0e7292a-406a-4fbb-9d2b-cdae3d7cf56b,05ec5b15-f1e5-4f05-b9d8-c99ef553fa2f,언제까지 거래 가능하세요?,2025-07-12T08:07:52.444Z
9caf8662-10e9-4597-8b4d-0ec852aeb9c0,a88d6d9b-28cd-4281-b7a5-77aaa0a7bb51,6a32c884-2fb6-4ac4-82ed-563ae7b76814,택배 가능한가요?,2025-07-12T14:24:49.120Z
49ac1537-cf14-4aa3-9b8d-947720817b10,a88d6d9b-28cd-4281-b7a5-77aaa0a7bb51,bb1cbe9e-040c-47d8-87e4-355b1634ad5c,네고 가능한가요?,2025-07-16T06:18:19.898Z
190d69d5-bd3a-4944-9415-969ad09b451f,a88d6d9b-28cd-4281-b7a5-77aaa0a7bb51,9835eea5-b024-44f9-b67a-1dbebef1534e,아직 있나요?,2025-07-14T10:46:45.479Z
8edf7d61-b2ba-4658-b31d-e07240660115,8f6df1ff-010f-41f8-8834-d583e81bf32d,a2ceaea5-0a36-4530-8c61-70270cc447be,직거래 가능한 곳이 어디인가요?,2025-07-20T18:34:34.997Z
20d99ee2-edf3-46c3-b4d9-63b07d6448c1,8f6df1ff-010f-41f8-8834-d583e81bf32d,eda980a1-cd0d-45ac-b115-460cac68d4fd,다른 색상도 있나요?,2025-07-24T01:30:43.781Z
4b7ef0e1-bb24-4409-a5cf-fd7172e8beea,b5ce3268-9ea0-4e29-9ad8-84da1a11c140,7707a76c-b658-4378-8ada-204b42344fbf,아직 있나요?,2025-07-17T19:26:45.155Z
ae0a028b-fd2f-4a0e-8c97-0709e3296388,b5ce3268-9ea0-4e29-9ad8-84da1a11c140,600b95c7-6195-4c8f-8c83-0520a944b728,다른 색상도 있나요?,2025-07-17T01:38:23.355Z
2293f470-75e8-4d0c-9bd7-80669ce3c770,b5ce3268-9ea0-4e29-9ad8-84da1a11c140,01872e38-cfc0-403f-b26d-0d5bc4ea57ba,더 자세한 사진 볼 수 있을까요?,2025-07-20T10:17:43.018Z
8b4305a1-d0a5-400d-8790-8319d5ae109c,3a25e5a8-21ce-4261-a0f0-ec1d847be89f,05ec5b15-f1e5-4f05-b9d8-c99ef553fa2f,아직 있나요?,2025-07-17T23:35:31.963Z
607e4bed-ab80-44bf-8896-49cb791672e8,3a25e5a8-21ce-4261-a0f0-ec1d847be89f,eda980a1-cd0d-45ac-b115-460cac68d4fd,아직 있나요?,2025-07-20T11:07:30.892Z
dc704255-6a20-4153-97f4-08969b8180b4,acd1db43-e4b4-4503-90de-44091909ab1f,c4a4a093-f25b-4eb4-850f-cc959b49b9ae,택배 가능한가요?,2025-07-12T11:24:26.509Z
febfd221-a634-4203-9423-8a047e478a0c,a6b33f2f-105a-46ec-ad25-a41b6fc8293f,c4a4a093-f25b-4eb4-850f-cc959b49b9ae,언제까지 거래 가능하세요?,2025-07-22T01:43:57.336Z
d58aeca5-6059-4c0d-909d-fc88984b644d,a6b33f2f-105a-46ec-ad25-a41b6fc8293f,c4a4a093-f25b-4eb4-850f-cc959b49b9ae,택배 가능한가요?,2025-07-18T11:25:26.988Z
5dde5402-99ef-4718-ac3c-aa36363c4ce6,a6b33f2f-105a-46ec-ad25-a41b6fc8293f,ca36dc42-e8f8-4236-82bc-acc1953a2e61,직거래 가능한 곳이 어디인가요?,2025-07-21T22:43:49.777Z
c5e6dada-ace5-4dcf-8761-0dbe56a26ef2,c5402554-3d0d-45ff-8c12-9917119ed3e4,05700306-5228-4e6f-b82a-d5680ec76fae,사용 기간이 얼마나 되나요?,2025-07-13T13:17:17.311Z
26b85a02-753c-4f83-8070-99e81b7181d7,e1ad12dc-6ce8-482f-adb3-94e4a8e78813,c4a4a093-f25b-4eb4-850f-cc959b49b9ae,다른 색상도 있나요?,2025-07-24T21:51:12.579Z
1f1c6c3f-e9d8-4862-8b89-b8c153c8e006,e1ad12dc-6ce8-482f-adb3-94e4a8e78813,d3c43a70-06c7-408e-8d57-f69223c8e4ad,택배 가능한가요?,2025-07-23T15:01:56.305Z
606a2aa3-4b56-439e-bc59-f0a9404f43d7,e1ad12dc-6ce8-482f-adb3-94e4a8e78813,ddb4dc02-ed2a-46c7-8776-c50bc456bff3,언제까지 거래 가능하세요?,2025-07-21T07:34:31.597Z
1676a901-28e8-4869-af98-b953d777a977,e1ad12dc-6ce8-482f-adb3-94e4a8e78813,7ea1cfd8-c233-43f4-9a07-e19b6e0de66b,아직 있나요?,2025-07-27T00:27:56.232Z
bcf10083-d432-4899-b9ae-dc972a84a816,e1ad12dc-6ce8-482f-adb3-94e4a8e78813,f5ba3e8b-bd4d-423e-a299-9ddb3ef80d6b,택배 가능한가요?,2025-07-26T19:18:27.955Z
a6fe81c1-5957-4681-8744-279ef9879e30,904d5d20-7407-4c8b-ad54-a92266af59d1,c4a4a093-f25b-4eb4-850f-cc959b49b9ae,가격 조금 깎아주실 수 있나요?,2025-07-16T06:45:09.156Z
f6f7d7aa-3c22-4445-9217-ff58fe34fc41,904d5d20-7407-4c8b-ad54-a92266af59d1,18369f38-bb36-4d79-a8a1-427f46ecedfc,아직 있나요?,2025-07-14T00:48:41.594Z
c943d034-d61d-434d-92f4-c4136007c565,904d5d20-7407-4c8b-ad54-a92266af59d1,dd7c1207-8716-42c2-9858-ec8cfa5b4019,사용 기간이 얼마나 되나요?,2025-07-18T03:39:05.699Z
b5ee4cd8-80b0-48fc-a76b-65cef0e4369e,6b62c3e4-3810-4e4a-8715-c31c824fb72f,eda980a1-cd0d-45ac-b115-460cac68d4fd,택배 가능한가요?,2025-07-20T02:54:57.717Z
33a345d8-6c4d-4f59-8098-e5e15e6362a8,9b771400-6ddc-4979-805e-8a6b2713f3f5,cff3ac7d-a7a6-4fbd-9f44-9a84c3a83b46,상태가 어떤가요?,2025-07-28T03:37:12.841Z
be9e91b2-82ad-4bf4-ba79-f3d7d805772b,9b771400-6ddc-4979-805e-8a6b2713f3f5,bb1cbe9e-040c-47d8-87e4-355b1634ad5c,택배 가능한가요?,2025-07-22T06:26:17.750Z
94660486-4768-4af5-bbb8-eb6e0e73676f,9b771400-6ddc-4979-805e-8a6b2713f3f5,cff3ac7d-a7a6-4fbd-9f44-9a84c3a83b46,네고 가능한가요?,2025-07-26T10:32:31.838Z
da5ae482-59ad-43d6-8246-8163367595c8,9b771400-6ddc-4979-805e-8a6b2713f3f5,18369f38-bb36-4d79-a8a1-427f46ecedfc,택배 가능한가요?,2025-07-22T08:04:22.044Z
94cc9565-89ac-430c-8f7b-53cb868a4323,d66f881d-ed83-4ee2-9021-e4971a08c428,1a5e842a-18b6-444b-ac5d-204c4f5f017a,사용 기간이 얼마나 되나요?,2025-07-13T10:23:22.384Z
2d5d6abc-a7b5-4331-b288-dfa3dbce972d,d66f881d-ed83-4ee2-9021-e4971a08c428,14480ccb-98fe-49c1-8fcf-ee2bb19aec3f,사용 기간이 얼마나 되나요?,2025-07-16T16:55:17.058Z
a5dad78a-c5b6-4765-8701-e93919d2bd5f,d66f881d-ed83-4ee2-9021-e4971a08c428,d3f4fd67-01ef-4adb-91c3-32f4c527191f,더 자세한 사진 볼 수 있을까요?,2025-07-09T22:22:17.137Z
cb6cea22-1e7c-4ce7-a8f4-f3078d8ce8a3,d66f881d-ed83-4ee2-9021-e4971a08c428,e8fdb4a1-0575-4587-8823-900bb082f2f0,더 자세한 사진 볼 수 있을까요?,2025-07-13T09:14:15.263Z
59ca4a3b-85aa-4130-9eb6-753c53ed8649,d66f881d-ed83-4ee2-9021-e4971a08c428,4134e29f-3717-4d80-8c0e-4f0fcc71203f,아직 있나요?,2025-07-12T22:11:56.223Z
34760d1f-1b98-425f-b126-e79b1826aeef,e695b579-e1fa-4b82-9773-500651133d31,4134e29f-3717-4d80-8c0e-4f0fcc71203f,가격 조금 깎아주실 수 있나요?,2025-07-26T10:35:33.484Z
d8339aee-43fc-4e0a-bdc9-9b8f4babd92d,e695b579-e1fa-4b82-9773-500651133d31,05ec5b15-f1e5-4f05-b9d8-c99ef553fa2f,상태가 어떤가요?,2025-07-23T16:18:13.546Z
a1a01078-6882-42d9-9fec-f21c00cd5042,2d93bda5-cfcf-44eb-a67a-6b9268f84324,011822cb-e715-42ed-ac03-c1e4165c8aeb,언제까지 거래 가능하세요?,2025-07-17T14:58:00.874Z
f73f4a4f-8847-43cc-9584-fe8a462d513d,2d93bda5-cfcf-44eb-a67a-6b9268f84324,fdfea8c6-3c54-4922-bf7f-982cf625b04e,언제까지 거래 가능하세요?,2025-07-20T19:14:37.600Z
5b3711eb-d727-4d9f-9913-f9ef3e7d88aa,2d93bda5-cfcf-44eb-a67a-6b9268f84324,6a32c884-2fb6-4ac4-82ed-563ae7b76814,사용 기간이 얼마나 되나요?,2025-07-22T23:19:03.017Z
3ddd6313-4f0b-4a69-b9db-7af3d9edf26e,2d93bda5-cfcf-44eb-a67a-6b9268f84324,fdfea8c6-3c54-4922-bf7f-982cf625b04e,상태가 어떤가요?,2025-07-19T19:52:49.098Z
da9614b5-3005-4c50-9655-4c7a068cc7e1,2406191b-5b79-4010-8fcc-ae8831ea6658,352f5c73-b41c-41aa-ae0e-3f1a63b27618,상태가 어떤가요?,2025-07-16T01:34:34.336Z
d3ef40e2-2b87-471b-a977-4c373568046c,2406191b-5b79-4010-8fcc-ae8831ea6658,e1e3c3c8-7f38-4807-a780-fe6f8a008007,직거래 가능한 곳이 어디인가요?,2025-07-15T10:11:43.939Z
fb82c928-0a8e-4713-a752-dc0d6622fddc,2406191b-5b79-4010-8fcc-ae8831ea6658,21554d05-ca67-480a-acf6-dbbffe4020c1,택배 가능한가요?,2025-07-14T03:57:34.914Z
d5ca361c-616b-4bb4-af8e-12ff5f2943e1,2406191b-5b79-4010-8fcc-ae8831ea6658,accef7bf-623f-441e-a6c7-ad10370715dd,상태가 어떤가요?,2025-07-13T05:14:59.959Z
371d00dc-a687-418d-9cd1-cd9566a282fd,3f4b55aa-b672-4788-a1be-89c4517ab618,bb1cbe9e-040c-47d8-87e4-355b1634ad5c,가격 조금 깎아주실 수 있나요?,2025-07-25T23:37:02.040Z
05578cd7-2466-40b8-867f-d4b0ef53289f,3f4b55aa-b672-4788-a1be-89c4517ab618,9835eea5-b024-44f9-b67a-1dbebef1534e,언제까지 거래 가능하세요?,2025-07-27T20:57:32.963Z
a7979394-d8da-4f3e-82c4-c216d1fefebc,3f4b55aa-b672-4788-a1be-89c4517ab618,43c0ba07-ff7b-42de-a376-15464100672f,다른 색상도 있나요?,2025-07-23T07:07:54.271Z
ea398ec8-4a05-4608-960b-6bc75b179ed1,3f4b55aa-b672-4788-a1be-89c4517ab618,450982be-c0ff-4baa-9931-eb76f22ae959,상태가 어떤가요?,2025-07-24T10:46:46.254Z
92a028d2-0779-4e18-a7a8-bdf0d9e5fd62,3f4b55aa-b672-4788-a1be-89c4517ab618,9835eea5-b024-44f9-b67a-1dbebef1534e,상태가 어떤가요?,2025-07-29T22:16:02.553Z
c8c4e2c4-c293-48f2-8e7e-6ed7b388ceac,61c374b0-6e35-40a3-aa12-13331a7ee373,7ea1cfd8-c233-43f4-9a07-e19b6e0de66b,사용 기간이 얼마나 되나요?,2025-07-15T14:27:46.084Z
69d11bd7-2f95-4329-b37a-370ec2847d5b,61c374b0-6e35-40a3-aa12-13331a7ee373,e8fdb4a1-0575-4587-8823-900bb082f2f0,언제까지 거래 가능하세요?,2025-07-14T15:59:26.038Z
1d955449-65c0-4ea1-9422-cf7fa4578db1,61c374b0-6e35-40a3-aa12-13331a7ee373,450982be-c0ff-4baa-9931-eb76f22ae959,상태가 어떤가요?,2025-07-15T13:44:55.725Z
270a7d05-b3e5-4d26-89f9-5982c86ac287,61c374b0-6e35-40a3-aa12-13331a7ee373,7707a76c-b658-4378-8ada-204b42344fbf,사용 기간이 얼마나 되나요?,2025-07-18T13:33:54.498Z
dce8ff3a-21ff-46d3-927e-c00f22a698db,a526377b-a439-4b74-80f3-f2ea8ee9744a,352f5c73-b41c-41aa-ae0e-3f1a63b27618,다른 색상도 있나요?,2025-07-26T11:24:30.613Z
e764d307-98ee-431a-8388-64e1601cc2fd,a526377b-a439-4b74-80f3-f2ea8ee9744a,4134e29f-3717-4d80-8c0e-4f0fcc71203f,다른 색상도 있나요?,2025-07-27T03:38:27.310Z
ad5d0f45-a79c-4ef9-8527-52a3171d79c3,a526377b-a439-4b74-80f3-f2ea8ee9744a,011822cb-e715-42ed-ac03-c1e4165c8aeb,택배 가능한가요?,2025-07-25T12:50:15.615Z
40012ad5-721f-4d26-b402-6b445e65f1a7,5e2dc873-aead-49e7-a9ef-779d64835efd,eda980a1-cd0d-45ac-b115-460cac68d4fd,아직 있나요?,2025-07-16T23:57:23.280Z
8d48e4b3-9ce4-48c5-bc9a-0cddb58e8704,5e2dc873-aead-49e7-a9ef-779d64835efd,1fddc3f4-6bc5-4285-8f45-a445d9da88a0,아직 있나요?,2025-07-14T17:38:47.373Z
5fd0f699-5c4b-4fb9-b7cf-9608c5e6b0cd,5e2dc873-aead-49e7-a9ef-779d64835efd,1a5e842a-18b6-444b-ac5d-204c4f5f017a,아직 있나요?,2025-07-17T20:44:56.121Z
3145f106-befe-4757-8544-ed9cee170a95,5e2dc873-aead-49e7-a9ef-779d64835efd,dd7c1207-8716-42c2-9858-ec8cfa5b4019,더 자세한 사진 볼 수 있을까요?,2025-07-18T16:10:41.817Z
6d609f02-f23b-40bc-9869-5478907b21b8,8aecc585-b827-404d-a71c-746748c48311,05ec5b15-f1e5-4f05-b9d8-c99ef553fa2f,더 자세한 사진 볼 수 있을까요?,2025-07-15T11:09:24.860Z
17b5e168-46db-42fc-80b1-f787b50d40b9,8aecc585-b827-404d-a71c-746748c48311,03512fdd-cdbb-47ec-8042-69d33b5b0197,가격 조금 깎아주실 수 있나요?,2025-07-10T17:44:19.211Z
ba04fa37-644f-498d-97c1-41c1edc80c71,49bf0529-6e70-4504-bb13-bad08290e7f6,a999e984-aa26-45f0-9015-4663446e4c69,아직 있나요?,2025-07-20T00:37:24.800Z
55deb46a-9b69-4589-9723-a4c16b7c52a7,49bf0529-6e70-4504-bb13-bad08290e7f6,03512fdd-cdbb-47ec-8042-69d33b5b0197,가격 조금 깎아주실 수 있나요?,2025-07-14T20:29:24.861Z
ab155a29-aae5-4c3e-b2cc-06a782adeb6e,49bf0529-6e70-4504-bb13-bad08290e7f6,43c0ba07-ff7b-42de-a376-15464100672f,언제까지 거래 가능하세요?,2025-07-17T04:05:44.066Z
34bd663a-b608-41e2-a4e9-563f9c1880c2,49bf0529-6e70-4504-bb13-bad08290e7f6,cff3ac7d-a7a6-4fbd-9f44-9a84c3a83b46,더 자세한 사진 볼 수 있을까요?,2025-07-15T17:37:31.087Z
ad49a19f-7da7-42ad-899e-dd5ef404e644,2a5f1bbb-53d0-4e22-a37d-eba2986b9348,05700306-5228-4e6f-b82a-d5680ec76fae,택배 가능한가요?,2025-07-25T11:40:22.249Z
6f0600a0-1cda-4ee5-80cf-4d3a4e83fda2,2a5f1bbb-53d0-4e22-a37d-eba2986b9348,cff3ac7d-a7a6-4fbd-9f44-9a84c3a83b46,네고 가능한가요?,2025-07-20T01:37:10.617Z
a118566c-cdb5-45f9-b146-7a71bb953905,2a5f1bbb-53d0-4e22-a37d-eba2986b9348,d3f4fd67-01ef-4adb-91c3-32f4c527191f,더 자세한 사진 볼 수 있을까요?,2025-07-26T12:24:10.877Z
e6e89bd2-bd93-4bad-9151-c6899d0b4b31,2a5f1bbb-53d0-4e22-a37d-eba2986b9348,1fddc3f4-6bc5-4285-8f45-a445d9da88a0,사용 기간이 얼마나 되나요?,2025-07-23T14:46:52.810Z
f1c2fd60-5cdd-4162-ace2-ce58dabcaef3,12d11df8-5e45-42bb-82a9-d015ea118a09,8d0a11d9-5307-4286-814e-12e3d32fe40b,아직 있나요?,2025-07-23T04:40:25.946Z
7d32cc82-104b-4183-9087-6c6d6a87c138,12d11df8-5e45-42bb-82a9-d015ea118a09,651554a8-2f79-4d57-95f4-cfce079e4956,사용 기간이 얼마나 되나요?,2025-07-19T07:57:16.978Z
853dc449-a5ca-43c4-9075-60b481cc4d32,e4638bf8-b205-4454-a33e-d39e8a6f7c47,bb1cbe9e-040c-47d8-87e4-355b1634ad5c,사용 기간이 얼마나 되나요?,2025-07-19T23:48:55.896Z
c59a83ff-45d1-4701-bc1c-3236e954d609,e4638bf8-b205-4454-a33e-d39e8a6f7c47,352f5c73-b41c-41aa-ae0e-3f1a63b27618,더 자세한 사진 볼 수 있을까요?,2025-07-17T00:19:55.013Z
cba8275d-f8bb-4a6a-bbd2-75ec2fa989bc,e4638bf8-b205-4454-a33e-d39e8a6f7c47,21554d05-ca67-480a-acf6-dbbffe4020c1,택배 가능한가요?,2025-07-22T06:57:15.856Z
056a0159-6c1b-4315-970f-a0c462f4d583,e4638bf8-b205-4454-a33e-d39e8a6f7c47,7c00d888-9b52-45ca-a76e-d4eb82a9930c,직거래 가능한 곳이 어디인가요?,2025-07-17T03:48:18.894Z
e6398f0a-26cd-4e7a-8ac6-3ec542be23a6,e4638bf8-b205-4454-a33e-d39e8a6f7c47,f5ba3e8b-bd4d-423e-a299-9ddb3ef80d6b,더 자세한 사진 볼 수 있을까요?,2025-07-16T09:09:47.254Z
530479c0-8c69-4700-bfd2-4fd29e2b1068,2a46d5af-c55d-4fc0-b917-49dc60b557c3,dd7c1207-8716-42c2-9858-ec8cfa5b4019,더 자세한 사진 볼 수 있을까요?,2025-07-18T10:39:45.107Z
834d80e1-f609-4b67-82c4-5317f95a895a,2a46d5af-c55d-4fc0-b917-49dc60b557c3,01872e38-cfc0-403f-b26d-0d5bc4ea57ba,직거래 가능한 곳이 어디인가요?,2025-07-15T16:40:11.098Z
a2d28aa0-f3f2-4de3-af42-b89029ac432c,2a46d5af-c55d-4fc0-b917-49dc60b557c3,1a5e842a-18b6-444b-ac5d-204c4f5f017a,가격 조금 깎아주실 수 있나요?,2025-07-21T01:16:29.786Z
6b849f98-054a-4dcc-bb82-7709c3605fd3,2a46d5af-c55d-4fc0-b917-49dc60b557c3,f5ba3e8b-bd4d-423e-a299-9ddb3ef80d6b,언제까지 거래 가능하세요?,2025-07-20T19:01:42.276Z
5ce67937-c2f0-4a60-a863-bb63b66c3d20,6531929c-898f-4415-8efd-14b485e350f8,450982be-c0ff-4baa-9931-eb76f22ae959,더 자세한 사진 볼 수 있을까요?,2025-07-21T12:08:53.682Z
d47582b8-0baa-467a-8e02-4d364303f778,cf11702b-117e-47c1-983b-d932a1ffdeb0,7707a76c-b658-4378-8ada-204b42344fbf,네고 가능한가요?,2025-07-24T15:33:02.542Z
f40af3f9-d5a1-4e4d-80c9-797199694ff6,cf11702b-117e-47c1-983b-d932a1ffdeb0,6182eb17-13f8-4407-ac66-eaf2751cc70e,네고 가능한가요?,2025-07-24T16:13:19.340Z
5913524a-0341-47a7-9902-90797f0ddf49,cf11702b-117e-47c1-983b-d932a1ffdeb0,18369f38-bb36-4d79-a8a1-427f46ecedfc,아직 있나요?,2025-07-24T02:39:37.264Z
df40385d-d3cf-4aac-bead-b20dd1f3c836,cf11702b-117e-47c1-983b-d932a1ffdeb0,1a5e842a-18b6-444b-ac5d-204c4f5f017a,아직 있나요?,2025-07-21T14:06:37.084Z
0198fadb-8916-42f9-823e-3f3d5c613b92,cf11702b-117e-47c1-983b-d932a1ffdeb0,03512fdd-cdbb-47ec-8042-69d33b5b0197,택배 가능한가요?,2025-07-21T00:10:11.435Z
842445f3-eb7e-42d7-9ede-eaeca3816c66,4595f9be-db77-4759-bc5c-b73a4c658018,08e5b63c-4113-45ac-8353-9096fba33a41,언제까지 거래 가능하세요?,2025-07-13T05:33:40.355Z
3ba05918-755d-444f-8aa6-f641f0101e17,4595f9be-db77-4759-bc5c-b73a4c658018,f184b796-9f9f-4b91-a888-f49181fcae30,사용 기간이 얼마나 되나요?,2025-07-13T13:42:12.530Z
b11f3137-d03f-492b-a82f-6bbf819ad3ba,a81e6fce-0baf-4f8a-a3bf-2a9236202d23,8d0a11d9-5307-4286-814e-12e3d32fe40b,더 자세한 사진 볼 수 있을까요?,2025-07-15T15:06:07.581Z
bfe9e4ff-64cf-4837-891d-e7ef2f57676c,a81e6fce-0baf-4f8a-a3bf-2a9236202d23,ff975b6d-f924-4aa1-b3da-05b5b12ac03c,사용 기간이 얼마나 되나요?,2025-07-20T22:05:47.137Z
337ebda0-f91c-4d5e-8437-8ffc0a5a1fd9,a81e6fce-0baf-4f8a-a3bf-2a9236202d23,e8fdb4a1-0575-4587-8823-900bb082f2f0,상태가 어떤가요?,2025-07-16T01:36:47.608Z
012b6d2f-0fb1-4d9a-812e-b1682afa5a2e,0cba0217-cb18-4967-81f5-a2f46ea3fadb,f5ba3e8b-bd4d-423e-a299-9ddb3ef80d6b,다른 색상도 있나요?,2025-07-19T01:23:30.616Z
30dafc2e-f070-43dd-805e-fc9e627e6aec,3df8ce07-39cd-425d-a78f-c19d990575a6,011822cb-e715-42ed-ac03-c1e4165c8aeb,언제까지 거래 가능하세요?,2025-07-18T12:06:42.186Z
154f16c5-e682-49e4-90ad-c94c0c3954c4,3df8ce07-39cd-425d-a78f-c19d990575a6,f5ba3e8b-bd4d-423e-a299-9ddb3ef80d6b,사용 기간이 얼마나 되나요?,2025-07-18T00:05:16.288Z
99e8ec02-0117-4439-b34d-76af34fe2048,3df8ce07-39cd-425d-a78f-c19d990575a6,9835eea5-b024-44f9-b67a-1dbebef1534e,더 자세한 사진 볼 수 있을까요?,2025-07-16T11:52:14.760Z
262b9176-d75a-4e4b-97aa-c6cae46aa8f7,3df8ce07-39cd-425d-a78f-c19d990575a6,011822cb-e715-42ed-ac03-c1e4165c8aeb,택배 가능한가요?,2025-07-15T14:13:05.243Z
7e1f99cf-6fb4-4775-a574-d0fc17029b8c,3df8ce07-39cd-425d-a78f-c19d990575a6,ff975b6d-f924-4aa1-b3da-05b5b12ac03c,아직 있나요?,2025-07-16T00:09:39.196Z
d27e8749-82cd-4c80-a3a6-a93ac36d7094,acf00c3a-4460-436f-890f-a52090ad4964,e8fdb4a1-0575-4587-8823-900bb082f2f0,다른 색상도 있나요?,2025-07-28T07:26:43.701Z
9aa8d922-24bf-4b8c-95a9-258de3e2c76e,ca5c871d-3427-4a96-a1b0-985773687fb3,eda980a1-cd0d-45ac-b115-460cac68d4fd,가격 조금 깎아주실 수 있나요?,2025-07-16T17:25:26.900Z
4f9c2c33-cc86-4e6f-9028-dbdc173af831,f0937b16-d201-49df-868b-9472846816c8,21554d05-ca67-480a-acf6-dbbffe4020c1,아직 있나요?,2025-07-15T08:01:37.683Z
eacd68af-eb05-4393-8745-ad1e0e2d847a,f0937b16-d201-49df-868b-9472846816c8,472b3b33-f429-48bd-9cbf-ccf2d1237cc9,아직 있나요?,2025-07-15T01:54:41.747Z
7e118bd3-b737-4c85-aa47-07c713e421dd,695b859f-9c08-4e84-8db6-2918af5eb465,450982be-c0ff-4baa-9931-eb76f22ae959,사용 기간이 얼마나 되나요?,2025-07-21T01:16:07.242Z
7294bc5c-c8b2-4342-a582-cf8a87927cef,695b859f-9c08-4e84-8db6-2918af5eb465,a2ceaea5-0a36-4530-8c61-70270cc447be,네고 가능한가요?,2025-07-19T05:20:30.106Z
e12d29d9-db65-4de3-b06d-bd7518fd72a4,695b859f-9c08-4e84-8db6-2918af5eb465,fdfea8c6-3c54-4922-bf7f-982cf625b04e,가격 조금 깎아주실 수 있나요?,2025-07-21T06:10:57.808Z
8480a46f-d0b9-4b53-9db3-4ae83b382c5b,d9505936-2cd8-4230-b4c0-f41578747892,472b3b33-f429-48bd-9cbf-ccf2d1237cc9,언제까지 거래 가능하세요?,2025-07-22T14:18:16.008Z
9afa7bb1-4a70-4e55-8b68-b7bc73829c23,d9505936-2cd8-4230-b4c0-f41578747892,fcd69b25-cf00-4c2c-a7b1-85959cb99107,언제까지 거래 가능하세요?,2025-07-28T19:27:44.146Z
d4f12ef8-8437-47b2-8adf-13fec4d624ec,d9505936-2cd8-4230-b4c0-f41578747892,4134e29f-3717-4d80-8c0e-4f0fcc71203f,사용 기간이 얼마나 되나요?,2025-07-26T17:27:22.077Z
3a4a3050-9473-45a6-8e8f-e464eee129bd,d9505936-2cd8-4230-b4c0-f41578747892,eda980a1-cd0d-45ac-b115-460cac68d4fd,네고 가능한가요?,2025-07-24T23:42:02.232Z
2285bb20-3b4b-426f-b017-dd3e8c127dc7,7f46c19b-3362-45c1-b73f-794718e2f766,05ec5b15-f1e5-4f05-b9d8-c99ef553fa2f,다른 색상도 있나요?,2025-07-16T06:08:23.861Z
8afa6754-80b8-42c9-8a0a-7c3e9617239e,80eaa9ed-ec82-44f6-afc6-459170fee04e,352f5c73-b41c-41aa-ae0e-3f1a63b27618,아직 있나요?,2025-07-11T23:32:25.448Z
1c67a86f-b2fa-4d81-af8b-835b109ef46a,ecdbee62-99e7-4686-b395-89126efa9f95,03512fdd-cdbb-47ec-8042-69d33b5b0197,직거래 가능한 곳이 어디인가요?,2025-07-13T22:18:37.022Z
c376da7d-705b-4a78-9410-ae9c96fec083,ecdbee62-99e7-4686-b395-89126efa9f95,e8fdb4a1-0575-4587-8823-900bb082f2f0,네고 가능한가요?,2025-07-16T19:52:08.651Z
c06f0386-99c2-4d62-a9c1-dfc59a01d8c1,ecdbee62-99e7-4686-b395-89126efa9f95,dd7c1207-8716-42c2-9858-ec8cfa5b4019,아직 있나요?,2025-07-15T03:28:22.969Z
dfc5a229-8779-4aee-8f9a-92d03361f71a,48b29bfb-4f6d-4793-998f-5de3eb08efd7,01872e38-cfc0-403f-b26d-0d5bc4ea57ba,더 자세한 사진 볼 수 있을까요?,2025-07-28T08:44:44.827Z
dcb51c69-b17c-494c-a11b-6e3b78bb5982,2bca0bcb-bbe4-4a43-9d20-edabe7c1d03a,7ea1cfd8-c233-43f4-9a07-e19b6e0de66b,네고 가능한가요?,2025-07-20T09:30:37.589Z
808d7485-58c0-46b6-ac14-50dd7c16bea0,2bca0bcb-bbe4-4a43-9d20-edabe7c1d03a,43c0ba07-ff7b-42de-a376-15464100672f,아직 있나요?,2025-07-25T11:36:19.677Z
c5c8b837-eb0d-4c00-835e-5fa2ff138697,2bca0bcb-bbe4-4a43-9d20-edabe7c1d03a,a999e984-aa26-45f0-9015-4663446e4c69,상태가 어떤가요?,2025-07-19T23:05:14.830Z
5231345a-e7cb-485d-bf18-51da29c53147,2bca0bcb-bbe4-4a43-9d20-edabe7c1d03a,9835eea5-b024-44f9-b67a-1dbebef1534e,택배 가능한가요?,2025-07-25T05:10:42.845Z
5d1661ce-bdbf-488f-8bdf-58182680ab1c,2bca0bcb-bbe4-4a43-9d20-edabe7c1d03a,1fddc3f4-6bc5-4285-8f45-a445d9da88a0,아직 있나요?,2025-07-20T06:52:04.356Z
6ccaafbc-0253-4653-a739-cd7212422562,bc980145-df8b-450b-844f-474b828b10f5,7707a76c-b658-4378-8ada-204b42344fbf,더 자세한 사진 볼 수 있을까요?,2025-07-21T07:58:04.780Z
f97ce7d4-87cb-402d-ba85-593a028a0c66,bc980145-df8b-450b-844f-474b828b10f5,600b95c7-6195-4c8f-8c83-0520a944b728,네고 가능한가요?,2025-07-19T19:46:23.734Z
ab91f778-4b1e-44af-abe0-5dce7c363686,7a0db122-4e70-4247-8cc2-e1b90886b09c,600b95c7-6195-4c8f-8c83-0520a944b728,상태가 어떤가요?,2025-07-17T14:59:23.877Z
392f2dd3-bd29-4bf4-9c26-e51a0fa15080,7a0db122-4e70-4247-8cc2-e1b90886b09c,5ef10b9b-c771-4cba-b96d-dbde7c7bda04,언제까지 거래 가능하세요?,2025-07-16T03:21:51.917Z
54d4891f-3094-49d9-812d-794fdb8fec90,7a0db122-4e70-4247-8cc2-e1b90886b09c,e1e3c3c8-7f38-4807-a780-fe6f8a008007,아직 있나요?,2025-07-14T06:22:04.728Z
04d4270a-4553-4529-b689-3df94c2b7a78,7a0db122-4e70-4247-8cc2-e1b90886b09c,a999e984-aa26-45f0-9015-4663446e4c69,직거래 가능한 곳이 어디인가요?,2025-07-14T06:52:18.849Z
ffd08959-7d7a-4b66-99a9-38f43eaa06b9,d23e36f2-0055-42d7-8d2a-1c19aeaeec22,600b95c7-6195-4c8f-8c83-0520a944b728,직거래 가능한 곳이 어디인가요?,2025-07-18T16:26:32.992Z
9b989ed9-1930-4f29-9a03-1c0c8b7641f5,d23e36f2-0055-42d7-8d2a-1c19aeaeec22,7ea1cfd8-c233-43f4-9a07-e19b6e0de66b,네고 가능한가요?,2025-07-14T05:59:02.768Z
67a49a34-5bc7-4fe9-8bca-dac168527475,831a7dfc-ef59-4d87-abe7-dca057f36e1e,d3f4fd67-01ef-4adb-91c3-32f4c527191f,아직 있나요?,2025-07-25T12:41:08.432Z
34494061-276d-4de9-a9de-7eae70b9ae46,831a7dfc-ef59-4d87-abe7-dca057f36e1e,bb1cbe9e-040c-47d8-87e4-355b1634ad5c,사용 기간이 얼마나 되나요?,2025-07-25T14:38:16.166Z
6fcb9b48-13f2-4bd1-9393-2ffac2a273e7,7ddf4a37-d2ab-47b8-9914-4dfa34a3366e,1a5e842a-18b6-444b-ac5d-204c4f5f017a,택배 가능한가요?,2025-07-19T06:36:14.709Z
2de9e2b8-b1e0-4aa1-a9c7-f9e610a664b8,7ddf4a37-d2ab-47b8-9914-4dfa34a3366e,ddb4dc02-ed2a-46c7-8776-c50bc456bff3,언제까지 거래 가능하세요?,2025-07-19T00:15:09.780Z
c257f618-d66b-4cd4-9d9b-a856ea8e242b,7ddf4a37-d2ab-47b8-9914-4dfa34a3366e,8816e4d5-d746-4446-8387-38220c72377a,상태가 어떤가요?,2025-07-17T10:59:36.813Z
a3a15251-deff-4c13-922c-59050503baf9,7ddf4a37-d2ab-47b8-9914-4dfa34a3366e,21554d05-ca67-480a-acf6-dbbffe4020c1,아직 있나요?,2025-07-19T14:22:14.907Z
5f130742-08b0-47a6-852b-edde7ff97deb,7ddf4a37-d2ab-47b8-9914-4dfa34a3366e,dd7c1207-8716-42c2-9858-ec8cfa5b4019,가격 조금 깎아주실 수 있나요?,2025-07-21T05:37:31.859Z
a8449660-46bf-42cf-82bb-0c4c4be52d48,9fd124d5-3b4b-4f1b-b274-2dd74b73e119,600b95c7-6195-4c8f-8c83-0520a944b728,가격 조금 깎아주실 수 있나요?,2025-07-19T08:57:54.280Z
f5265624-f56d-483b-bcb4-b92f6915cea0,9fd124d5-3b4b-4f1b-b274-2dd74b73e119,6a32c884-2fb6-4ac4-82ed-563ae7b76814,직거래 가능한 곳이 어디인가요?,2025-07-20T13:18:14.984Z
c03529a4-55d3-4cfc-8210-86ecbaaa35e8,9fd124d5-3b4b-4f1b-b274-2dd74b73e119,651554a8-2f79-4d57-95f4-cfce079e4956,언제까지 거래 가능하세요?,2025-07-21T23:41:24.782Z
c8510b85-b166-4003-bf9f-b9bee15b7d2c,9fd124d5-3b4b-4f1b-b274-2dd74b73e119,600b95c7-6195-4c8f-8c83-0520a944b728,가격 조금 깎아주실 수 있나요?,2025-07-24T16:11:56.631Z
406e317e-790c-4515-95aa-9deca3c324e1,ed5da3a6-c1bb-4304-bdbb-bbc72a3dcf83,7c00d888-9b52-45ca-a76e-d4eb82a9930c,더 자세한 사진 볼 수 있을까요?,2025-07-23T21:48:18.775Z
4755209d-0cd2-43e2-b548-96a7a29e5d10,de992cc5-5c6d-4f7a-92d5-3de5876a59b6,eda980a1-cd0d-45ac-b115-460cac68d4fd,네고 가능한가요?,2025-07-17T11:56:25.776Z
77d0af23-7fb7-465f-91cb-8238abce51ff,de992cc5-5c6d-4f7a-92d5-3de5876a59b6,bb1cbe9e-040c-47d8-87e4-355b1634ad5c,더 자세한 사진 볼 수 있을까요?,2025-07-14T09:51:05.854Z
0cb1dc29-6bf5-4ba3-8fcd-7ed0101f5dad,de992cc5-5c6d-4f7a-92d5-3de5876a59b6,dd7c1207-8716-42c2-9858-ec8cfa5b4019,언제까지 거래 가능하세요?,2025-07-15T01:43:32.137Z
d7fa093e-a08d-4689-ba87-523fc51ae6ab,4f6b2f6e-b0af-4fe5-8fa5-80683847155e,5ef10b9b-c771-4cba-b96d-dbde7c7bda04,더 자세한 사진 볼 수 있을까요?,2025-07-11T11:12:38.232Z
c2f12828-8231-4619-a21c-4cb367a81341,4f6b2f6e-b0af-4fe5-8fa5-80683847155e,05700306-5228-4e6f-b82a-d5680ec76fae,아직 있나요?,2025-07-13T07:18:31.885Z
dd12bf10-88c2-46ea-acc7-fd809378c154,4f6b2f6e-b0af-4fe5-8fa5-80683847155e,472b3b33-f429-48bd-9cbf-ccf2d1237cc9,아직 있나요?,2025-07-13T21:20:25.828Z
1b3aa6b3-2227-461c-b5a7-d3bf7e46bd7a,4f6b2f6e-b0af-4fe5-8fa5-80683847155e,c4a4a093-f25b-4eb4-850f-cc959b49b9ae,네고 가능한가요?,2025-07-11T19:10:24.097Z
51a390a7-4561-4620-9c22-966c1d69b2bf,f7ced01f-7c78-47a4-a287-bb68d8c04092,08e5b63c-4113-45ac-8353-9096fba33a41,아직 있나요?,2025-07-22T05:30:05.366Z
df19b99f-7185-464e-848a-c859b30f48e2,f7ced01f-7c78-47a4-a287-bb68d8c04092,18369f38-bb36-4d79-a8a1-427f46ecedfc,다른 색상도 있나요?,2025-07-19T23:09:35.746Z
269d858e-50fc-4930-923e-b4b025a45baa,99e0e371-b9e0-4c42-a3de-0076af53c423,cff3ac7d-a7a6-4fbd-9f44-9a84c3a83b46,더 자세한 사진 볼 수 있을까요?,2025-07-12T16:05:21.838Z
308edfd0-ba1b-4918-b69f-4f0f9f85eae0,99e0e371-b9e0-4c42-a3de-0076af53c423,dd7c1207-8716-42c2-9858-ec8cfa5b4019,택배 가능한가요?,2025-07-17T15:40:55.683Z
720cd68c-4d63-4431-836b-679b9d42bf9c,4d172b26-388f-4d07-b5f5-03cd69bcc94f,05ec5b15-f1e5-4f05-b9d8-c99ef553fa2f,택배 가능한가요?,2025-07-17T00:27:27.562Z
a106cba0-47da-4997-8919-e459a7e20608,d347a651-4597-45be-a811-25b0972ffafa,01872e38-cfc0-403f-b26d-0d5bc4ea57ba,네고 가능한가요?,2025-07-11T12:58:49.081Z
db8b783a-fc44-478d-8f6c-afff3bff812b,d347a651-4597-45be-a811-25b0972ffafa,e8fdb4a1-0575-4587-8823-900bb082f2f0,택배 가능한가요?,2025-07-15T13:41:46.894Z
ac007b93-44e7-4c56-9603-fce4e91ce646,d347a651-4597-45be-a811-25b0972ffafa,43c0ba07-ff7b-42de-a376-15464100672f,언제까지 거래 가능하세요?,2025-07-16T05:41:52.274Z
174702f8-036b-4c6a-86ae-4404940ecbbb,d347a651-4597-45be-a811-25b0972ffafa,eda980a1-cd0d-45ac-b115-460cac68d4fd,네고 가능한가요?,2025-07-14T17:36:01.999Z
eb82453f-c1cc-4967-8cdf-113d0974265c,b83b4c19-6de4-4715-be77-7629792d2871,9835eea5-b024-44f9-b67a-1dbebef1534e,가격 조금 깎아주실 수 있나요?,2025-07-21T19:27:44.445Z
4c548c99-330a-4b76-8d44-475c143b2c5a,ca085676-bb1c-4a85-a82b-ee1fcc8930e5,e1e3c3c8-7f38-4807-a780-fe6f8a008007,택배 가능한가요?,2025-07-18T21:41:11.935Z
b5ef29b9-0ee0-434e-be69-633c6e039c49,ca085676-bb1c-4a85-a82b-ee1fcc8930e5,8d0a11d9-5307-4286-814e-12e3d32fe40b,가격 조금 깎아주실 수 있나요?,2025-07-24T04:37:29.127Z
545c7982-9a21-46fb-beb6-118764fcf935,ca085676-bb1c-4a85-a82b-ee1fcc8930e5,eda980a1-cd0d-45ac-b115-460cac68d4fd,네고 가능한가요?,2025-07-21T11:42:17.634Z
6bb82e46-f01a-4307-b262-568f8de494eb,ca085676-bb1c-4a85-a82b-ee1fcc8930e5,18369f38-bb36-4d79-a8a1-427f46ecedfc,직거래 가능한 곳이 어디인가요?,2025-07-21T04:08:09.846Z
4d2c85e7-b67f-47e6-a46d-4d4fc26b7e5b,bff54a4f-3df3-48ba-98f5-30820bcfbfa3,1a5e842a-18b6-444b-ac5d-204c4f5f017a,아직 있나요?,2025-07-21T20:59:56.546Z
0ee23d30-7c32-41ff-ab46-88898c8f54ca,bff54a4f-3df3-48ba-98f5-30820bcfbfa3,ca36dc42-e8f8-4236-82bc-acc1953a2e61,더 자세한 사진 볼 수 있을까요?,2025-07-23T03:05:57.755Z
8e557f39-471f-483f-95c2-d6c047f5fae9,bff54a4f-3df3-48ba-98f5-30820bcfbfa3,8816e4d5-d746-4446-8387-38220c72377a,사용 기간이 얼마나 되나요?,2025-07-24T17:46:43.762Z
603546e2-1bf9-4d2b-ada7-e2b7731c0c24,bff54a4f-3df3-48ba-98f5-30820bcfbfa3,01872e38-cfc0-403f-b26d-0d5bc4ea57ba,직거래 가능한 곳이 어디인가요?,2025-07-24T18:46:40.822Z
ad183f2f-2818-4ceb-a1c4-9dd51ba02af7,e8143f3a-8e56-473e-a12c-3db76d2e1426,6182eb17-13f8-4407-ac66-eaf2751cc70e,언제까지 거래 가능하세요?,2025-07-16T00:01:22.419Z
3202d54b-cb22-4742-8b60-6b5addad37e0,e8143f3a-8e56-473e-a12c-3db76d2e1426,fcd69b25-cf00-4c2c-a7b1-85959cb99107,다른 색상도 있나요?,2025-07-21T10:20:57.456Z
82fc89bb-3fb8-4f5d-8415-ef95d3f83e76,e8143f3a-8e56-473e-a12c-3db76d2e1426,521c83d3-42df-43aa-bdf1-ba97d184ffd2,다른 색상도 있나요?,2025-07-17T17:30:09.136Z
e6af2d44-aa37-4e1a-8b88-15abb6ee97b4,5b66864e-3d22-41d7-b9ad-87e1798ad055,8d0a11d9-5307-4286-814e-12e3d32fe40b,아직 있나요?,2025-07-15T05:58:20.369Z
87ab8df9-53fa-46ee-96dc-984b5ec4eeaf,5b66864e-3d22-41d7-b9ad-87e1798ad055,687265d2-bd4d-405b-add0-f86dba92db93,상태가 어떤가요?,2025-07-19T12:37:04.416Z
a018fd3b-ca58-4a46-8115-f74b264046ce,8c49f134-f1ed-4c89-a2c5-764ad3a773e5,011822cb-e715-42ed-ac03-c1e4165c8aeb,더 자세한 사진 볼 수 있을까요?,2025-07-25T12:15:15.514Z
f2f51d82-350d-4461-80de-2cc756939a90,8c49f134-f1ed-4c89-a2c5-764ad3a773e5,01872e38-cfc0-403f-b26d-0d5bc4ea57ba,아직 있나요?,2025-07-29T06:08:05.706Z
628da74d-9f3e-4be2-bcf0-74ae78589267,e89aa58c-7f0f-40dd-bc37-a72749e5dcaf,521c83d3-42df-43aa-bdf1-ba97d184ffd2,직거래 가능한 곳이 어디인가요?,2025-07-27T17:40:17.302Z
2957195b-8a05-49e7-b3b6-4dfe622882ea,e89aa58c-7f0f-40dd-bc37-a72749e5dcaf,a999e984-aa26-45f0-9015-4663446e4c69,네고 가능한가요?,2025-07-22T21:53:18.203Z
cc5746cf-01e6-4f5c-8b43-ce2ef89717c4,e89aa58c-7f0f-40dd-bc37-a72749e5dcaf,43c0ba07-ff7b-42de-a376-15464100672f,상태가 어떤가요?,2025-07-29T07:46:49.178Z
b4b46374-792c-4a44-b214-af66670b32de,1be2bf50-f180-49b8-9f78-3bf16f222f04,e8fdb4a1-0575-4587-8823-900bb082f2f0,가격 조금 깎아주실 수 있나요?,2025-07-25T11:19:28.741Z
357cb2a4-a1c0-4f01-a1eb-dc84dc90d320,1be2bf50-f180-49b8-9f78-3bf16f222f04,18369f38-bb36-4d79-a8a1-427f46ecedfc,사용 기간이 얼마나 되나요?,2025-07-23T13:30:31.357Z
a73ad83a-3b41-420e-bc87-8d3abe6f2250,1be2bf50-f180-49b8-9f78-3bf16f222f04,d3c43a70-06c7-408e-8d57-f69223c8e4ad,아직 있나요?,2025-07-22T20:17:51.978Z
b2e6bd98-feb3-47ec-939c-975f06d98e08,1be2bf50-f180-49b8-9f78-3bf16f222f04,c4a4a093-f25b-4eb4-850f-cc959b49b9ae,가격 조금 깎아주실 수 있나요?,2025-07-27T13:59:25.994Z
fec71d5e-d039-40d9-a37a-c4affae3e9e8,cc5a920e-134e-4ec0-a012-3bd7386cb23c,d3c43a70-06c7-408e-8d57-f69223c8e4ad,네고 가능한가요?,2025-07-19T18:59:46.276Z
bd01d05f-2425-45a6-91cd-114bc70f6e97,cc5a920e-134e-4ec0-a012-3bd7386cb23c,01872e38-cfc0-403f-b26d-0d5bc4ea57ba,아직 있나요?,2025-07-17T06:34:27.335Z
36e358e5-0598-4211-9f00-426b1ddc2624,030a3df1-89b7-4f8b-9e17-4459c2c8812c,d3f4fd67-01ef-4adb-91c3-32f4c527191f,택배 가능한가요?,2025-07-19T03:40:39.439Z
e8a94ed6-b0e5-43af-bbc4-6a31fcac22f2,030a3df1-89b7-4f8b-9e17-4459c2c8812c,3f28ac4e-6b4b-48c9-9d28-0766670484be,아직 있나요?,2025-07-15T14:57:18.361Z
b2a50a1b-1b6e-4736-8435-a763fc71361b,030a3df1-89b7-4f8b-9e17-4459c2c8812c,a999e984-aa26-45f0-9015-4663446e4c69,사용 기간이 얼마나 되나요?,2025-07-20T11:19:20.371Z
a7140b94-92c9-40d8-a366-69955b59732f,030a3df1-89b7-4f8b-9e17-4459c2c8812c,1a5e842a-18b6-444b-ac5d-204c4f5f017a,상태가 어떤가요?,2025-07-13T23:44:13.586Z
472b0e6e-4453-4099-9f29-f83613cf8587,81a0d965-b40b-4385-a1a4-ea46f356d35a,21554d05-ca67-480a-acf6-dbbffe4020c1,아직 있나요?,2025-07-15T12:27:34.443Z
c038dab4-f4fa-4764-877e-1041c20f5324,81a0d965-b40b-4385-a1a4-ea46f356d35a,a2ceaea5-0a36-4530-8c61-70270cc447be,네고 가능한가요?,2025-07-15T15:38:52.638Z
81837fbc-89f8-4d95-a9e8-18a3688386bd,81a0d965-b40b-4385-a1a4-ea46f356d35a,7c00d888-9b52-45ca-a76e-d4eb82a9930c,상태가 어떤가요?,2025-07-18T05:23:42.627Z
e07b184b-f267-4109-940e-4414179e2004,7cecb9fc-effd-4708-8d7f-dfd7af0d97dd,f5ba3e8b-bd4d-423e-a299-9ddb3ef80d6b,더 자세한 사진 볼 수 있을까요?,2025-07-09T20:44:50.959Z
c3566706-69f4-4b65-83af-683c767e0233,7cecb9fc-effd-4708-8d7f-dfd7af0d97dd,8d0a11d9-5307-4286-814e-12e3d32fe40b,아직 있나요?,2025-07-13T10:47:08.570Z
86eff543-271e-4bd0-ae12-48ecb17d4cf3,2760bba2-118a-4516-9269-5e99f149dc80,a999e984-aa26-45f0-9015-4663446e4c69,가격 조금 깎아주실 수 있나요?,2025-07-24T13:25:24.160Z
2f5a513e-512a-4144-8777-91b16885e097,2760bba2-118a-4516-9269-5e99f149dc80,d3f4fd67-01ef-4adb-91c3-32f4c527191f,다른 색상도 있나요?,2025-07-25T15:37:33.623Z
31ac0304-54f5-4060-9815-12010bfdf91b,78951047-104e-42b2-abba-3a9d0557a35c,ca36dc42-e8f8-4236-82bc-acc1953a2e61,사용 기간이 얼마나 되나요?,2025-07-18T17:15:15.633Z
65d90988-8149-48a2-81df-4d80f6be896c,78951047-104e-42b2-abba-3a9d0557a35c,521c83d3-42df-43aa-bdf1-ba97d184ffd2,가격 조금 깎아주실 수 있나요?,2025-07-16T22:14:52.446Z
69c137ea-5cca-4646-b806-83dd875cf341,78951047-104e-42b2-abba-3a9d0557a35c,5ef10b9b-c771-4cba-b96d-dbde7c7bda04,더 자세한 사진 볼 수 있을까요?,2025-07-22T05:20:47.092Z
7e9f85d9-fd5b-428d-8da2-64ee8071e917,78951047-104e-42b2-abba-3a9d0557a35c,5ef10b9b-c771-4cba-b96d-dbde7c7bda04,사용 기간이 얼마나 되나요?,2025-07-17T17:13:12.236Z
f7086b1a-efad-49a2-946d-f122141100bd,8d8eaab4-79c7-4410-ac75-fd2bc70e4c39,fcd69b25-cf00-4c2c-a7b1-85959cb99107,사용 기간이 얼마나 되나요?,2025-07-14T21:33:47.226Z
7b18206d-fd1c-4527-b8fe-7e19eedcbb1f,8d8eaab4-79c7-4410-ac75-fd2bc70e4c39,f5ba3e8b-bd4d-423e-a299-9ddb3ef80d6b,네고 가능한가요?,2025-07-14T21:57:24.684Z
b4b6b7d7-84e3-405d-81fa-1e5d9d1d1d81,28de6497-1948-4add-8f84-44ed0e560b71,7ea1cfd8-c233-43f4-9a07-e19b6e0de66b,직거래 가능한 곳이 어디인가요?,2025-07-24T00:11:02.822Z
75cfaded-d4a2-4482-9160-02b646a040eb,28de6497-1948-4add-8f84-44ed0e560b71,03512fdd-cdbb-47ec-8042-69d33b5b0197,사용 기간이 얼마나 되나요?,2025-07-25T05:50:58.287Z
227b0788-1372-4f57-ba6a-23140cf572a3,01a44d78-e246-4990-b50d-a2abbf0493aa,accef7bf-623f-441e-a6c7-ad10370715dd,더 자세한 사진 볼 수 있을까요?,2025-07-17T08:20:15.365Z
acd30d01-99c2-44d8-af38-62c9e739dd1f,8ace1961-c301-4468-8481-6618a5f85573,accef7bf-623f-441e-a6c7-ad10370715dd,상태가 어떤가요?,2025-07-15T03:29:24.411Z
c5d911e6-ff9d-4530-a7fb-881bf0041e1f,8ace1961-c301-4468-8481-6618a5f85573,ff975b6d-f924-4aa1-b3da-05b5b12ac03c,상태가 어떤가요?,2025-07-18T20:33:42.179Z
677b5df7-c47a-4f20-b748-95ba7854cf66,8ace1961-c301-4468-8481-6618a5f85573,1a5e842a-18b6-444b-ac5d-204c4f5f017a,언제까지 거래 가능하세요?,2025-07-18T11:00:45.562Z
a76f79ef-950f-466f-9cb6-7352cfe12e4a,8ace1961-c301-4468-8481-6618a5f85573,a999e984-aa26-45f0-9015-4663446e4c69,가격 조금 깎아주실 수 있나요?,2025-07-18T16:31:43.524Z
e4673abe-3c2e-4e74-82d1-8c1fc8f189d1,8ace1961-c301-4468-8481-6618a5f85573,eda980a1-cd0d-45ac-b115-460cac68d4fd,택배 가능한가요?,2025-07-17T15:13:10.340Z
8e2d8b42-d9cd-44b1-a49e-865a005cdaf6,9c0bd29e-3bb4-4a07-8cfc-88a3e3af8514,ddb4dc02-ed2a-46c7-8776-c50bc456bff3,가격 조금 깎아주실 수 있나요?,2025-07-15T07:51:05.758Z
d53948d4-1811-4f01-b9ed-f8c72604adb6,51557179-8583-4009-b0a0-2f1054133c6e,03512fdd-cdbb-47ec-8042-69d33b5b0197,아직 있나요?,2025-07-20T15:17:08.341Z
84c53c78-93b7-48e2-be92-4b8dfd01586b,51557179-8583-4009-b0a0-2f1054133c6e,e8fdb4a1-0575-4587-8823-900bb082f2f0,언제까지 거래 가능하세요?,2025-07-21T05:58:03.629Z
20027ebe-87ca-4476-b556-befd9bce4460,51557179-8583-4009-b0a0-2f1054133c6e,6182eb17-13f8-4407-ac66-eaf2751cc70e,사용 기간이 얼마나 되나요?,2025-07-14T15:47:15.869Z
9eb6f17f-7141-4eb6-be3e-6a7ac71467c5,f087dd30-0322-4e13-9657-9ea7c75a1851,8816e4d5-d746-4446-8387-38220c72377a,아직 있나요?,2025-07-18T19:27:19.857Z
036db024-1733-40c0-9e0b-5bcc482aacd6,b3f8af8c-58e8-4722-8172-668c90145809,bb1cbe9e-040c-47d8-87e4-355b1634ad5c,직거래 가능한 곳이 어디인가요?,2025-07-16T09:45:56.417Z
c0e1a04e-a8ff-4284-a430-025658c7d3f2,b3f8af8c-58e8-4722-8172-668c90145809,6a32c884-2fb6-4ac4-82ed-563ae7b76814,더 자세한 사진 볼 수 있을까요?,2025-07-15T22:39:14.338Z
b052b9bd-2210-4314-8de6-93a6b2c356a6,b3f8af8c-58e8-4722-8172-668c90145809,fcd69b25-cf00-4c2c-a7b1-85959cb99107,택배 가능한가요?,2025-07-15T22:21:10.514Z
adc47859-bb1e-49f7-b1ff-93772ff090f9,b3f8af8c-58e8-4722-8172-668c90145809,1fddc3f4-6bc5-4285-8f45-a445d9da88a0,사용 기간이 얼마나 되나요?,2025-07-16T15:34:20.997Z
a3e3fd34-3149-4317-81e3-9f810acdc1ee,b3f8af8c-58e8-4722-8172-668c90145809,18369f38-bb36-4d79-a8a1-427f46ecedfc,택배 가능한가요?,2025-07-17T23:19:02.780Z
46e105a0-122f-4932-8ff7-4da0768844dd,ebdc3abd-b91f-42b2-8c05-5aa15c2f797b,8816e4d5-d746-4446-8387-38220c72377a,다른 색상도 있나요?,2025-07-20T09:40:58.932Z
1ce243cf-9288-403b-bb82-c15558eaffe3,ebdc3abd-b91f-42b2-8c05-5aa15c2f797b,7c00d888-9b52-45ca-a76e-d4eb82a9930c,택배 가능한가요?,2025-07-22T18:35:09.656Z
3c916b09-b7c3-496b-9c6e-be651aa3025f,9511e6ee-8b18-4cfd-94e6-4d956f9b6c33,e8fdb4a1-0575-4587-8823-900bb082f2f0,아직 있나요?,2025-07-24T08:04:09.555Z
6496078a-8785-476b-90c8-ad4ae453043f,9f5702c4-699d-4f43-be1b-a6962f684fad,08e5b63c-4113-45ac-8353-9096fba33a41,네고 가능한가요?,2025-07-18T13:10:12.315Z
5538cf7b-6a70-4128-9f2e-034ce1c12cc4,9f5702c4-699d-4f43-be1b-a6962f684fad,03512fdd-cdbb-47ec-8042-69d33b5b0197,가격 조금 깎아주실 수 있나요?,2025-07-18T08:19:38.620Z
09fe28e4-73c6-4068-876c-a80c83b63dce,9f5702c4-699d-4f43-be1b-a6962f684fad,7707a76c-b658-4378-8ada-204b42344fbf,아직 있나요?,2025-07-18T21:24:30.671Z
0d61cb28-4a7e-4ee5-b78a-800af6d06c6f,9f5702c4-699d-4f43-be1b-a6962f684fad,521c83d3-42df-43aa-bdf1-ba97d184ffd2,택배 가능한가요?,2025-07-18T03:57:15.332Z
2c0538b5-6c5e-4dfd-9ade-facdf36aa350,1db35114-9f3f-4642-8100-5e830ecb319a,eda980a1-cd0d-45ac-b115-460cac68d4fd,택배 가능한가요?,2025-07-15T14:15:52.273Z
29e028c3-6027-4cc9-8812-b4a3fbadf5a9,1db35114-9f3f-4642-8100-5e830ecb319a,600b95c7-6195-4c8f-8c83-0520a944b728,다른 색상도 있나요?,2025-07-12T19:27:50.061Z
2107f22b-83be-4be0-8168-573ee7b660df,1db35114-9f3f-4642-8100-5e830ecb319a,c4a4a093-f25b-4eb4-850f-cc959b49b9ae,사용 기간이 얼마나 되나요?,2025-07-16T07:32:23.299Z
d0e48a54-2cf2-40fd-b246-7f1f124c4655,1db35114-9f3f-4642-8100-5e830ecb319a,21554d05-ca67-480a-acf6-dbbffe4020c1,다른 색상도 있나요?,2025-07-10T23:20:28.219Z
7eac2a48-d548-455c-8341-b426757e5d9a,0619fb19-155f-4562-a76b-eb0c471111d1,d3f4fd67-01ef-4adb-91c3-32f4c527191f,언제까지 거래 가능하세요?,2025-07-15T06:08:54.883Z
6b2aa719-c817-4737-9022-c02aebd8f611,0619fb19-155f-4562-a76b-eb0c471111d1,ddb4dc02-ed2a-46c7-8776-c50bc456bff3,아직 있나요?,2025-07-11T11:12:18.137Z
2193c2c4-d2f9-482b-89f6-05e26851b27c,0619fb19-155f-4562-a76b-eb0c471111d1,6a32c884-2fb6-4ac4-82ed-563ae7b76814,택배 가능한가요?,2025-07-16T13:22:12.930Z
2d7ee79f-b0ac-4cc7-beb6-050e570de628,0619fb19-155f-4562-a76b-eb0c471111d1,6a32c884-2fb6-4ac4-82ed-563ae7b76814,다른 색상도 있나요?,2025-07-15T21:55:57.068Z
75479360-c79a-4e12-bfcb-754a0dabb97c,0619fb19-155f-4562-a76b-eb0c471111d1,3f28ac4e-6b4b-48c9-9d28-0766670484be,사용 기간이 얼마나 되나요?,2025-07-13T18:14:39.055Z